DayOfYear,Date,Estimated_RadSum_W_m2
1,2026-01-01,3991.98
2,2026-01-02,4002.82
3,2026-01-03,4014.56
4,2026-01-04,4027.20
5,2026-01-05,4040.72
6,2026-01-06,4055.12
7,2026-01-07,4070.40
8,2026-01-08,4086.54
9,2026-01-09,4103.54
10,2026-01-10,4121.39
11,2026-01-11,4140.09
12,2026-01-12,4159.61
13,2026-01-13,4179.96
14,2026-01-14,4201.12
15,2026-01-15,4223.09
16,2026-01-16,4245.84
17,2026-01-17,4269.38
18,2026-01-18,4293.69
19,2026-01-19,4318.75
20,2026-01-20,4344.56
21,2026-01-21,4371.10
22,2026-01-22,4398.36
23,2026-01-23,4426.33
24,2026-01-24,4454.99
25,2026-01-25,4484.32
26,2026-01-26,4514.32
27,2026-01-27,4544.97
28,2026-01-28,4576.25
29,2026-01-29,4608.15
30,2026-01-30,4640.65
31,2026-01-31,4673.74
32,2026-02-01,4707.40
33,2026-02-02,4741.61
34,2026-02-03,4776.36
35,2026-02-04,4811.62
36,2026-02-05,4847.39
37,2026-02-06,4883.64
38,2026-02-07,4920.36
39,2026-02-08,4957.52
40,2026-02-09,4995.11
41,2026-02-10,5033.12
42,2026-02-11,5071.52
43,2026-02-12,5110.29
44,2026-02-13,5149.41
45,2026-02-14,5188.87
46,2026-02-15,5228.65
47,2026-02-16,5268.72
48,2026-02-17,5309.07
49,2026-02-18,5349.68
50,2026-02-19,5390.52
51,2026-02-20,5431.58
52,2026-02-21,5472.85
53,2026-02-22,5514.29
54,2026-02-23,5555.89
55,2026-02-24,5597.63
56,2026-02-25,5639.48
57,2026-02-26,5681.44
58,2026-02-27,5723.48
59,2026-02-28,5765.58
60,2026-03-01,5807.72
61,2026-03-02,5849.89
62,2026-03-03,5892.05
63,2026-03-04,5934.20
64,2026-03-05,5976.32
65,2026-03-06,6018.38
66,2026-03-07,6060.37
67,2026-03-08,6102.27
68,2026-03-09,6144.06
69,2026-03-10,6185.72
70,2026-03-11,6227.25
71,2026-03-12,6268.60
72,2026-03-13,6309.78
73,2026-03-14,6350.77
74,2026-03-15,6391.54
75,2026-03-16,6432.09
76,2026-03-17,6472.39
77,2026-03-18,6512.43
78,2026-03-19,6552.20
79,2026-03-20,6591.68
80,2026-03-21,6630.86
81,2026-03-22,6669.71
82,2026-03-23,6708.24
83,2026-03-24,6746.42
84,2026-03-25,6784.25
85,2026-03-26,6821.71
86,2026-03-27,6858.78
87,2026-03-28,6895.47
88,2026-03-29,6931.74
89,2026-03-30,6967.61
90,2026-03-31,7003.05
91,2026-04-01,7038.06
92,2026-04-02,7072.62
93,2026-04-03,7106.73
94,2026-04-04,7140.38
95,2026-04-05,7173.57
96,2026-04-06,7206.27
97,2026-04-07,7238.50
98,2026-04-08,7270.24
99,2026-04-09,7301.48
100,2026-04-10,7332.23
101,2026-04-11,7362.47
102,2026-04-12,7392.20
103,2026-04-13,7421.42
104,2026-04-14,7450.12
105,2026-04-15,7478.30
106,2026-04-16,7505.96
107,2026-04-17,7533.10
108,2026-04-18,7559.71
109,2026-04-19,7585.79
110,2026-04-20,7611.35
111,2026-04-21,7636.37
112,2026-04-22,7660.87
113,2026-04-23,7684.84
114,2026-04-24,7708.28
115,2026-04-25,7731.20
116,2026-04-26,7753.59
117,2026-04-27,7775.45
118,2026-04-28,7796.80
119,2026-04-29,7817.63
120,2026-04-30,7837.94
121,2026-05-01,7857.74
122,2026-05-02,7877.03
123,2026-05-03,7895.81
124,2026-05-04,7914.09
125,2026-05-05,7931.88
126,2026-05-06,7949.17
127,2026-05-07,7965.97
128,2026-05-08,7982.29
129,2026-05-09,7998.13
130,2026-05-10,8013.49
131,2026-05-11,8028.39
132,2026-05-12,8042.83
133,2026-05-13,8056.80
134,2026-05-14,8070.33
135,2026-05-15,8083.41
136,2026-05-16,8096.04
137,2026-05-17,8108.25
138,2026-05-18,8120.03
139,2026-05-19,8131.38
140,2026-05-20,8142.32
141,2026-05-21,8152.85
142,2026-05-22,8162.97
143,2026-05-23,8172.70
144,2026-05-24,8182.03
145,2026-05-25,8190.98
146,2026-05-26,8199.54
147,2026-05-27,8207.74
148,2026-05-28,8215.56
149,2026-05-29,8223.02
150,2026-05-30,8230.12
151,2026-05-31,8236.87
152,2026-06-01,8243.27
153,2026-06-02,8249.33
154,2026-06-03,8255.05
155,2026-06-04,8260.43
156,2026-06-05,8265.49
157,2026-06-06,8270.22
158,2026-06-07,8274.64
159,2026-06-08,8278.73
160,2026-06-09,8282.51
161,2026-06-10,8285.99
162,2026-06-11,8289.15
163,2026-06-12,8292.02
164,2026-06-13,8294.58
165,2026-06-14,8296.84
166,2026-06-15,8298.81
167,2026-06-16,8300.48
168,2026-06-17,8301.86
169,2026-06-18,8302.95
170,2026-06-19,8303.74
171,2026-06-20,8304.25
172,2026-06-21,8304.46
173,2026-06-22,8304.39
174,2026-06-23,8304.03
175,2026-06-24,8303.38
176,2026-06-25,8302.44
177,2026-06-26,8301.21
178,2026-06-27,8299.68
179,2026-06-28,8297.86
180,2026-06-29,8295.75
181,2026-06-30,8293.34
182,2026-07-01,8290.62
183,2026-07-02,8287.61
184,2026-07-03,8284.29
185,2026-07-04,8280.66
186,2026-07-05,8276.73
187,2026-07-06,8272.47
188,2026-07-07,8267.90
189,2026-07-08,8263.01
190,2026-07-09,8257.78
191,2026-07-10,8252.23
192,2026-07-11,8246.34
193,2026-07-12,8240.12
194,2026-07-13,8233.54
195,2026-07-14,8226.62
196,2026-07-15,8219.34
197,2026-07-16,8211.70
198,2026-07-17,8203.69
199,2026-07-18,8195.31
200,2026-07-19,8186.56
201,2026-07-20,8177.42
202,2026-07-21,8167.89
203,2026-07-22,8157.97
204,2026-07-23,8147.64
205,2026-07-24,8136.91
206,2026-07-25,8125.76
207,2026-07-26,8114.20
208,2026-07-27,8102.21
209,2026-07-28,8089.79
210,2026-07-29,8076.93
211,2026-07-30,8063.63
212,2026-07-31,8049.88
213,2026-08-01,8035.68
214,2026-08-02,8021.01
215,2026-08-03,8005.88
216,2026-08-04,7990.28
217,2026-08-05,7974.20
218,2026-08-06,7957.64
219,2026-08-07,7940.60
220,2026-08-08,7923.06
221,2026-08-09,7905.03
222,2026-08-10,7886.50
223,2026-08-11,7867.46
224,2026-08-12,7847.92
225,2026-08-13,7827.86
226,2026-08-14,7807.30
227,2026-08-15,7786.21
228,2026-08-16,7764.60
229,2026-08-17,7742.48
230,2026-08-18,7719.82
231,2026-08-19,7696.65
232,2026-08-20,7672.94
233,2026-08-21,7648.71
234,2026-08-22,7623.95
235,2026-08-23,7598.65
236,2026-08-24,7572.84
237,2026-08-25,7546.49
238,2026-08-26,7519.62
239,2026-08-27,7492.22
240,2026-08-28,7464.30
241,2026-08-29,7435.85
242,2026-08-30,7406.89
243,2026-08-31,7377.42
244,2026-09-01,7347.43
245,2026-09-02,7316.94
246,2026-09-03,7285.95
247,2026-09-04,7254.46
248,2026-09-05,7222.47
249,2026-09-06,7190.01
250,2026-09-07,7157.06
251,2026-09-08,7123.64
252,2026-09-09,7089.76
253,2026-09-10,7055.42
254,2026-09-11,7020.63
255,2026-09-12,6985.41
256,2026-09-13,6949.76
257,2026-09-14,6913.68
258,2026-09-15,6877.20
259,2026-09-16,6840.32
260,2026-09-17,6803.05
261,2026-09-18,6765.41
262,2026-09-19,6727.41
263,2026-09-20,6689.05
264,2026-09-21,6650.36
265,2026-09-22,6611.34
266,2026-09-23,6572.01
267,2026-09-24,6532.38
268,2026-09-25,6492.48
269,2026-09-26,6452.30
270,2026-09-27,6411.88
271,2026-09-28,6371.21
272,2026-09-29,6330.33
273,2026-09-30,6289.25
274,2026-10-01,6247.98
275,2026-10-02,6206.54
276,2026-10-03,6164.94
277,2026-10-04,6123.21
278,2026-10-05,6081.36
279,2026-10-06,6039.42
280,2026-10-07,5997.39
281,2026-10-08,5955.30
282,2026-10-09,5913.16
283,2026-10-10,5871.00
284,2026-10-11,5828.84
285,2026-10-12,5786.68
286,2026-10-13,5744.56
287,2026-10-14,5702.49
288,2026-10-15,5660.48
289,2026-10-16,5618.57
290,2026-10-17,5576.77
291,2026-10-18,5535.10
292,2026-10-19,5493.58
293,2026-10-20,5452.22
294,2026-10-21,5411.06
295,2026-10-22,5370.10
296,2026-10-23,5329.37
297,2026-10-24,5288.89
298,2026-10-25,5248.68
299,2026-10-26,5208.75
300,2026-10-27,5169.13
301,2026-10-28,5129.84
302,2026-10-29,5090.89
303,2026-10-30,5052.30
304,2026-10-31,5014.10
305,2026-11-01,4976.29
306,2026-11-02,4938.91
307,2026-11-03,4901.97
308,2026-11-04,4865.48
309,2026-11-05,4829.47
310,2026-11-06,4793.95
311,2026-11-07,4758.94
312,2026-11-08,4724.46
313,2026-11-09,4690.53
314,2026-11-10,4657.15
315,2026-11-11,4624.35
316,2026-11-12,4592.15
317,2026-11-13,4560.56
318,2026-11-14,4529.59
319,2026-11-15,4499.26
320,2026-11-16,4469.59
321,2026-11-17,4440.59
322,2026-11-18,4412.28
323,2026-11-19,4384.66
324,2026-11-20,4357.76
325,2026-11-21,4331.58
326,2026-11-22,4306.14
327,2026-11-23,4281.46
328,2026-11-24,4257.53
329,2026-11-25,4234.38
330,2026-11-26,4212.02
331,2026-11-27,4190.46
332,2026-11-28,4169.70
333,2026-11-29,4149.76
334,2026-11-30,4130.65
335,2026-12-01,4112.37
336,2026-12-02,4094.95
337,2026-12-03,4078.37
338,2026-12-04,4062.66
339,2026-12-05,4047.82
340,2026-12-06,4033.86
341,2026-12-07,4020.78
342,2026-12-08,4008.59
343,2026-12-09,3997.30
344,2026-12-10,3986.91
345,2026-12-11,3977.43
346,2026-12-12,3968.85
347,2026-12-13,3961.20
348,2026-12-14,3954.46
349,2026-12-15,3948.65
350,2026-12-16,3943.76
351,2026-12-17,3939.80
352,2026-12-18,3936.77
353,2026-12-19,3934.67
354,2026-12-20,3933.51
355,2026-12-21,3933.27
356,2026-12-22,3933.97
357,2026-12-23,3935.60
358,2026-12-24,3938.17
359,2026-12-25,3941.66
360,2026-12-26,3946.08
361,2026-12-27,3951.43
362,2026-12-28,3957.71
363,2026-12-29,3964.90
364,2026-12-30,3973.02
365,2026-12-31,3982.04
